learning_rate,train_mean,train_std,val_mean,val_std
0.01,0.5201385175952468,0.004088172230657715,0.5644856711862966,0.02793329744366205
0.03,0.24428991414381596,0.001510507000265946,0.3506105307456531,0.009537601162432838
0.05,0.19856040037887884,0.001113013724051425,0.331643147466097,0.01125292749298517
0.07,0.17569923201565235,0.0010590163440362347,0.32798831679454926,0.01374255295859725
0.1,0.15278890020645317,0.0011930260790878199,0.32478247123304005,0.009036147277019813
0.2,0.10549461196744618,0.0016140256966996134,0.339777696667358,0.011174797580097531
0.3,0.08077099312709371,0.0019658312473142493,0.3526215957746195,0.012477724618476876
