{"R2": 0.9119003415107727, "MAE": 4.310144424438477, "MSE": 68.09162139892578, "RMSE": 8.251764744521367, "MedAE": 1.6627538204193115, "Max Error": 67.03644561767578, "MAPE (>100)": 16.4062937028791}