{"R2": 0.969893753528595, "MAE": 2.8849709033966064, "RMSE": 5.566049707605402}