learning_rate,train_mean,train_std,val_mean,val_std
0.01,0.5100840077864769,0.00507855718579944,0.5328133345220458,0.024040898956061537
0.03,0.23893756523948834,0.0008169223897898463,0.3081793118807809,0.004879011525836273
0.05,0.19239081204145067,0.0014810104613205252,0.28649118579349014,0.005988942080961669
0.07,0.1712034492156582,0.0011361960826900097,0.2838317934797495,0.007709107767171645
0.1,0.14784069281667428,0.0012107794085370867,0.2838956918516695,0.008105519395408656
0.2,0.09993791296159169,0.0005956687838549268,0.29224816964147726,0.007959450117896946
0.3,0.07360474524824664,0.0019859809911958386,0.30326499717748223,0.008665417630657988
